bin_178	S23CNODE_280_length_42711_cov_6.497163||full	5.143E+04	379
bin_577	S19CNODE_1604_length_10394_cov_82.414063||full	1.590E+04	288
bin_154	S14CNODE_2245_length_6466_cov_36.229605||full	3.185E+04	313
bin_265	S24CNODE_35_length_94636_cov_9.736966||full_1	3.113E+04	273
bin_183	S8CNODE_264_length_59775_cov_19.731112||full	1.546E+05	764
bin_85	S24CNODE_16_length_164855_cov_666.028738||full_1	1.575E+05	1389
bin_360	S36CNODE_3093_length_6349_cov_3.779314||full	1.093E+04	153
bin_585	S26CNODE_36_length_107463_cov_293.716045||full_1	1.344E+05	850
bin_55	S40CNODE_1384_length_7056_cov_5.042137||full	5.824E+04	315
bin_508	S8CNODE_264_length_59775_cov_19.731112||full	5.893E+04	313
bin_236	S31CNODE_704_length_17000_cov_235.384538||full	2.123E+05	1804
bin_283	S36CNODE_3093_length_6349_cov_3.779314||full	8.739E+04	543
bin_456	S35CNODE_840_length_22668_cov_249.672268||full	3.353E+04	376
bin_155	S39CNODE_2031_length_17104_cov_10.648484||full	2.444E+05	1334
bin_14	S23CNODE_429_length_30140_cov_7.813262||full	3.962E+05	2073
bin_516	S37CNODE_3_length_474362_cov_1265.339569||0_partial_1	2.030E+05	1426
bin_138	S14CNODE_83_length_96190_cov_171.082904||full	2.909E+05	2152
bin_98	S8CNODE_264_length_59775_cov_19.731112||full	7.930E+04	482
bin_1	S30CNODE_107_length_72630_cov_38.920317||full	3.721E+04	397
bin_243	S36CNODE_3093_length_6349_cov_3.779314||full	5.036E+04	326
bin_547	S30CNODE_107_length_72630_cov_38.920317||full	9.433E+04	555
bin_341	S5CNODE_845_length_8584_cov_15.099074||full	1.856E+04	297
bin_80	S23CNODE_1851_length_5658_cov_3.408174||full	3.200E+05	1923
bin_115	S12CNODE_117_length_87260_cov_40.115131||0_partial	2.008E+05	1268
bin_426	S38CNODE_2280_length_15885_cov_6.393367||full	2.301E+04	267
bin_471	S19CNODE_1604_length_10394_cov_82.414063||full	2.823E+04	297
bin_230	S9CNODE_406_length_8514_cov_8.333018||full	1.148E+05	756
bin_583	S36CNODE_3093_length_6349_cov_3.779314||full	7.720E+04	594
bin_518	S1CNODE_209_length_16026_cov_114.355519||full	9.155E+04	695
bin_422	S18CNODE_67_length_73717_cov_22.062515||full_1	3.217E+04	363
bin_148	S12CNODE_317_length_42354_cov_7.686186||0_partial	1.653E+05	1208
bin_53	S3CNODE_1_length_665503_cov_191.731037||0_partial_1	6.898E+04	447
bin_272	S40CNODE_1684_length_5967_cov_4.024865||full	3.517E+04	219
bin_8	S19CNODE_53_length_114082_cov_26.813167||0_partial	9.287E+04	658
bin_392	S3CNODE_807_length_5980_cov_5.530295||full	9.930E+04	684
bin_140	S26CNODE_43_length_92335_cov_97.137744||full	2.382E+04	352
bin_571	S35CNODE_299_length_52794_cov_22.970553||0_partial	9.950E+04	769
bin_535	S16CNODE_184_length_46362_cov_66.165634||full	1.993E+04	210
bin_30	S18CNODE_518_length_12753_cov_25.595842||full	1.952E+05	1192
bin_103	S35CNODE_299_length_52794_cov_22.970553||0_partial	1.498E+05	1173
bin_220	S5CNODE_845_length_8584_cov_15.099074||full	6.098E+04	387
bin_105	S14CNODE_83_length_96190_cov_171.082904||full	7.304E+03	157
bin_131	S28CNODE_327_length_40125_cov_11.374644||full	3.863E+05	2016
bin_394	S14CNODE_376_length_37548_cov_7.083829||full	9.012E+04	663
bin_354	S38CNODE_1659_length_19367_cov_21.112521||full	3.492E+04	382
bin_381	S26CNODE_410_length_18259_cov_5.125577||full	2.173E+05	1420
bin_370	S8CNODE_227_length_67728_cov_19.934287||full_1	8.159E+04	586
bin_133	S18CNODE_618_length_10453_cov_4.897576||full	2.828E+05	1611
bin_285	S8CNODE_2794_length_6066_cov_4.071702||full	5.217E+04	420
bin_238	S14CNODE_83_length_96190_cov_171.082904||full	1.702E+04	228
bin_458	S24CNODE_16_length_164855_cov_666.028738||full_1	4.963E+04	267
bin_459	S18CNODE_336_length_20256_cov_20.940993||full	6.606E+04	534
bin_214	S14CNODE_254_length_49178_cov_11.161065||0_partial	3.510E+04	624
bin_447	S11CNODE_744_length_10718_cov_12.624121||full	2.150E+05	1567
bin_33	S35CNODE_1035_length_17872_cov_117.397317||full	2.574E+05	2061
bin_235	S26CNODE_36_length_107463_cov_293.716045||full_1	3.410E+04	282
bin_293	S40CNODE_1681_length_5970_cov_28.662215||full_1	1.444E+05	1081
bin_206	S16CNODE_828_length_7960_cov_4.115244||full	2.888E+04	342
bin_478	S28CNODE_3003_length_5214_cov_27.113394||full	2.185E+05	1098
bin_102	S12CNODE_117_length_87260_cov_40.115131||0_partial	2.224E+04	290
bin_388	S26CNODE_36_length_107463_cov_293.716045||full_1	1.460E+05	875
bin_314	S10CNODE_355_length_11881_cov_32.475901||full	9.404E+04	634
bin_497	S18CNODE_67_length_73717_cov_22.062515||full_1	4.855E+04	431
bin_204	S35CNODE_398_length_42560_cov_19.303941||full	3.078E+05	1700
bin_340	S33CNODE_65_length_76395_cov_305.341368||full_1	5.029E+04	416
bin_278	S28CNODE_99_length_83023_cov_22.137017||0_partial	1.155E+05	800
bin_530	S28CNODE_1532_length_10466_cov_464.677553||full	9.711E+04	959
bin_50	S14CNODE_886_length_16698_cov_11.523403||full	3.473E+04	453
bin_324	S27CNODE_50_length_88731_cov_147.805787||0_partial_1	6.838E+04	495
bin_401	S4CNODE_562_length_9448_cov_14.218354||full	1.213E+05	729
bin_126	S26CNODE_36_length_107463_cov_293.716045||full_1	2.969E+04	276
bin_7	S10CNODE_19_length_102490_cov_21.000068||full_1	1.430E+05	998
bin_502	S30CNODE_335_length_35365_cov_12.950184||full	6.676E+04	595
bin_259	S19CNODE_85_length_85198_cov_11.845742||0_partial_1	4.478E+05	2778
bin_242	S40CNODE_1684_length_5967_cov_4.024865||full	2.301E+04	332
bin_385	S38CNODE_2280_length_15885_cov_6.393367||full	3.179E+04	264
bin_537	S28CNODE_3102_length_5031_cov_3.830587||full	1.833E+04	209
bin_311	S35CNODE_299_length_52794_cov_22.970553||0_partial	3.359E+04	383
bin_544	S18CNODE_518_length_12753_cov_25.595842||full	1.502E+05	1066
bin_523	S38CNODE_9266_length_5301_cov_3.976172||full	1.511E+05	1404
bin_26	S39CNODE_5917_length_8774_cov_14.290974||full	7.718E+04	1053
bin_74	S37CNODE_3_length_474362_cov_1265.339569||0_partial_1	6.501E+04	560
bin_454	S35CNODE_1969_length_8206_cov_32.492823||full	6.929E+04	536
bin_92	S19CNODE_483_length_30423_cov_30.827779||full	1.762E+04	291
bin_200	S12CNODE_117_length_87260_cov_40.115131||0_partial	4.040E+04	320
bin_262	S24CNODE_16_length_164855_cov_666.028738||full_1	2.568E+05	1430
bin_117	S14CNODE_262_length_48318_cov_6.180407||full	2.416E+05	1899
bin_149	S8CNODE_264_length_59775_cov_19.731112||full	4.337E+04	395
bin_336	S19CNODE_949_length_17106_cov_27.030614||full	1.357E+05	1137
bin_261	S24CNODE_35_length_94636_cov_9.736966||full_1	1.026E+05	572
bin_541	S14CNODE_83_length_96190_cov_171.082904||full	7.202E+04	669
bin_350	S14CNODE_12_length_236517_cov_77.495027||full	7.595E+04	664
bin_474	S8CNODE_264_length_59775_cov_19.731112||full	1.207E+04	196
bin_234	S21CNODE_44_length_104508_cov_21.435890||0_partial	1.039E+03	45
bin_302	S35CNODE_840_length_22668_cov_249.672268||full	1.584E+03	43
bin_380	S36CNODE_213_length_56366_cov_7.620980||0_partial	5.658E+05	3236
bin_562	S8CNODE_2320_length_7389_cov_7.232615||full	1.944E+04	308
bin_569	S29CNODE_31_length_108769_cov_184.977970||0_partial_1	4.310E+04	316
bin_271	S14CNODE_262_length_48318_cov_6.180407||full	4.481E+04	355
bin_256	S32CNODE_12_length_278050_cov_95.956445||0_partial_1	2.052E+05	1181
bin_319	S38CNODE_7140_length_6699_cov_27.995334||full	8.501E+04	561
bin_504	S35CNODE_299_length_52794_cov_22.970553||0_partial	4.695E+04	258
bin_417	S36CNODE_3093_length_6349_cov_3.779314||full	2.051E+05	1043
bin_378	S33CNODE_115_length_52730_cov_1020.008258||0_partial	1.043E+05	866
bin_190	S14CNODE_83_length_96190_cov_171.082904||full	1.901E+04	354
bin_330	S1CNODE_209_length_16026_cov_114.355519||full	1.053E+05	802
bin_443	S36CNODE_213_length_56366_cov_7.620980||0_partial	1.189E+05	671
bin_384	S14CNODE_83_length_96190_cov_171.082904||full	9.290E+03	186
bin_503	S39CNODE_8364_length_6878_cov_13.646636||full	1.280E+04	197
bin_123	S8CNODE_346_length_48308_cov_11.963401||full	9.109E+04	668
bin_386	S14CNODE_290_length_45024_cov_181.051302||full_1	1.833E+05	1031
bin_475	S19CNODE_298_length_43166_cov_152.945049||full	2.224E+05	1490
bin_128	S14CNODE_83_length_96190_cov_171.082904||full	1.231E+05	1481
bin_185	S27CNODE_50_length_88731_cov_147.805787||0_partial_1	1.185E+05	765
bin_580	S14CNODE_886_length_16698_cov_11.523403||full	6.288E+03	187
bin_86	S12CNODE_117_length_87260_cov_40.115131||0_partial	2.765E+04	373
bin_326	S14CNODE_370_length_37687_cov_8.211124||full	6.325E+03	187
bin_224	S19CNODE_358_length_38849_cov_12.680414||0_partial	4.824E+04	492
bin_362	S26CNODE_36_length_107463_cov_293.716045||full_1	6.100E+04	532
bin_222	S36CNODE_213_length_56366_cov_7.620980||0_partial	6.089E+04	474
bin_574	S27CNODE_108_length_43776_cov_98.974955||full_1	9.476E+04	725
bin_584	S12CNODE_1815_length_5758_cov_3.173067||full_1	2.506E+04	319
bin_169	S14CNODE_83_length_96190_cov_171.082904||full	2.613E+04	259
bin_139	S38CNODE_2889_length_13600_cov_14.237652||full	2.013E+05	1417
bin_99	S38CNODE_7140_length_6699_cov_27.995334||full	1.454E+05	1003
bin_264	S27CNODE_50_length_88731_cov_147.805787||0_partial_1	1.009E+05	675
bin_81	S40CNODE_1681_length_5970_cov_28.662215||full_1	2.223E+05	1610
bin_425	S26CNODE_36_length_107463_cov_293.716045||full_1	5.260E+04	422
bin_501	S38CNODE_8065_length_6007_cov_15.222278||full	6.363E+04	493
bin_531	S2CNODE_52_length_76315_cov_411.875046||full_1	3.556E+04	384
bin_144	S24CNODE_16_length_164855_cov_666.028738||full_1	1.133E+05	866
bin_363	S20CNODE_135_length_26611_cov_57.908043||full	9.022E+04	636
bin_257	S16CNODE_71_length_88195_cov_36.565135||full	3.238E+05	1746
bin_176	S19CNODE_358_length_38849_cov_12.680414||0_partial	1.376E+05	1170
bin_34	S40CNODE_1681_length_5970_cov_28.662215||full_1	5.573E+04	471
bin_29	S19CNODE_53_length_114082_cov_26.813167||0_partial	2.196E+04	230
bin_556	S39CNODE_56_length_104978_cov_30.326478||0_partial	1.699E+04	225
bin_538	S30CNODE_2147_length_7111_cov_4.120181||full_1	6.479E+04	475
bin_377	S35CNODE_299_length_52794_cov_22.970553||0_partial	8.312E+04	508
bin_153	S12CNODE_4_length_524009_cov_42.040263||0_partial	2.134E+04	317
bin_132	S15CNODE_520_length_8122_cov_8.311392||full	8.634E+04	668
bin_107	S21CNODE_44_length_104508_cov_21.435890||0_partial	3.794E+04	431
bin_347	S14CNODE_83_length_96190_cov_171.082904||full	6.312E+03	188
bin_306	S32CNODE_666_length_10239_cov_7.772584||full	2.627E+04	299
bin_250	S8CNODE_264_length_59775_cov_19.731112||full	3.370E+05	2153
bin_170	S40CNODE_1681_length_5970_cov_28.662215||full_1	1.701E+04	170
bin_472	S12CNODE_117_length_87260_cov_40.115131||0_partial	1.054E+05	797
bin_37	S14CNODE_83_length_96190_cov_171.082904||full	2.297E+03	61
bin_325	S14CNODE_809_length_18173_cov_11.117287||full	4.718E+05	2991
bin_95	S39CNODE_7226_length_7632_cov_6.825525||full	4.419E+04	505
bin_35	S13CNODE_395_length_6048_cov_3.024195||full	1.981E+04	262
bin_408	S12CNODE_206_length_58437_cov_46.840602||full	2.743E+04	314
bin_329	S14CNODE_532_length_27814_cov_6.582009||0_partial	3.061E+04	352
bin_435	S18CNODE_67_length_73717_cov_22.062515||full_1	1.099E+05	867
bin_150	S38CNODE_2889_length_13600_cov_14.237652||full	7.864E+04	579
bin_570	S38CNODE_9266_length_5301_cov_3.976172||full	3.482E+05	1673
bin_120	S12CNODE_117_length_87260_cov_40.115131||0_partial	3.528E+04	362
bin_460	S19CNODE_53_length_114082_cov_26.813167||0_partial	8.895E+03	158
bin_135	S14CNODE_83_length_96190_cov_171.082904||full	7.120E+03	119
bin_240	S19CNODE_1231_length_13419_cov_187.217001||full	9.434E+04	734
bin_184	S26CNODE_36_length_107463_cov_293.716045||full_1	3.510E+04	310
bin_298	S12CNODE_4_length_524009_cov_42.040263||0_partial	9.955E+04	600
bin_60	S12CNODE_261_length_47671_cov_5.313865||full	1.319E+05	775
bin_349	S38CNODE_786_length_30281_cov_146.122014||full	4.231E+04	427
bin_159	S19CNODE_750_length_21174_cov_10.119797||full_1	1.426E+05	784
bin_237	S14CNODE_254_length_49178_cov_11.161065||0_partial	1.300E+05	906
bin_45	S8CNODE_2630_length_6426_cov_5.864699||full	5.401E+05	2694
bin_221	S14CNODE_376_length_37548_cov_7.083829||full	7.423E+04	611
bin_173	S35CNODE_915_length_20642_cov_16.643561||full	2.390E+05	1744
bin_468	S38CNODE_7140_length_6699_cov_27.995334||full	6.891E+04	563
bin_254	S38CNODE_2576_length_14649_cov_5.095313||full	1.019E+05	754
bin_57	S5CNODE_681_length_10578_cov_6.794070||full	1.142E+05	772
bin_112	S40CNODE_1681_length_5970_cov_28.662215||full_1	2.144E+05	1538
bin_369	S19CNODE_56_length_113022_cov_35.455611||full_1	1.492E+05	885
bin_273	S38CNODE_786_length_30281_cov_146.122014||full	1.405E+04	234
bin_322	S28CNODE_1703_length_9333_cov_38.227743||full	9.187E+04	942
bin_488	S1CNODE_209_length_16026_cov_114.355519||full	1.045E+05	778
bin_410	S38CNODE_786_length_30281_cov_146.122014||full	1.746E+05	937
bin_356	S8CNODE_227_length_67728_cov_19.934287||full_1	9.451E+04	631
bin_323	S39CNODE_1162_length_23358_cov_22.479380||full	9.700E+04	921
bin_335	S10CNODE_478_length_8706_cov_5.067969||full	8.473E+04	529
bin_374	S21CNODE_961_length_11940_cov_13.581069||full	2.065E+05	1039
bin_428	S16CNODE_449_length_19060_cov_6.300132||full	1.049E+05	782
bin_510	S26CNODE_77_length_65008_cov_123.784644||full_1	2.613E+04	307
bin_276	S24CNODE_249_length_16024_cov_4.634229||full	1.830E+04	342
bin_202	S14CNODE_83_length_96190_cov_171.082904||full	4.144E+05	2461
bin_568	S10CNODE_395_length_10710_cov_159.974941||full	1.776E+05	1113
bin_84	S16CNODE_30_length_149539_cov_58.024625||0_partial	2.158E+05	1654
bin_10	S26CNODE_36_length_107463_cov_293.716045||full_1	6.218E+04	472
bin_317	S12CNODE_118_length_87208_cov_102.568839||0_partial_1	1.704E+05	1090
bin_189	S16CNODE_449_length_19060_cov_6.300132||full	2.578E+04	303
bin_179	S8CNODE_359_length_46960_cov_7.571837||full_1	1.568E+05	1036
bin_487	S14CNODE_83_length_96190_cov_171.082904||full	6.738E+04	377
bin_321	S5CNODE_249_length_25083_cov_538.229623||0_partial	1.982E+05	1245
bin_62	S4CNODE_115_length_59009_cov_26.919140||full	9.628E+04	643
bin_282	S30CNODE_494_length_26947_cov_6.690763||full	1.683E+05	985
bin_407	S2CNODE_540_length_8781_cov_5.319505||full	6.814E+04	429
bin_205	S14CNODE_83_length_96190_cov_171.082904||full	4.692E+04	515
bin_462	S33CNODE_846_length_7516_cov_6.833132||full	2.064E+05	1301
bin_301	S24CNODE_16_length_164855_cov_666.028738||full_1	2.305E+05	1277
bin_303	S12CNODE_27_length_195463_cov_15.177854||0_partial_1	1.502E+05	794
bin_229	S14CNODE_2245_length_6466_cov_36.229605||full	1.980E+04	273
bin_440	S12CNODE_291_length_45079_cov_63.329113||full	4.468E+04	418
bin_515	S38CNODE_2889_length_13600_cov_14.237652||full	8.185E+04	573
bin_312	S1CNODE_209_length_16026_cov_114.355519||full	9.261E+04	661
bin_397	S39CNODE_1162_length_23358_cov_22.479380||full	4.747E+04	376
bin_109	S26CNODE_36_length_107463_cov_293.716045||full_1	2.892E+05	1607
bin_542	S13CNODE_196_length_12471_cov_5.346247||full	1.969E+05	1210
bin_114	S24CNODE_35_length_94636_cov_9.736966||full_1	2.387E+04	233
bin_199	S14CNODE_83_length_96190_cov_171.082904||full	4.404E+05	2489
bin_127	S39CNODE_7955_length_7138_cov_15.019342||full	6.431E+03	192
bin_438	S28CNODE_1761_length_9010_cov_3.440201||full	9.035E+04	632
bin_532	S1CNODE_209_length_16026_cov_114.355519||full	9.841E+04	723
bin_2	S39CNODE_2125_length_16672_cov_7.832701||full	1.019E+05	789
bin_13	S4CNODE_201_length_35328_cov_100.484705||0_partial	5.016E+04	378
bin_561	S39CNODE_2125_length_16672_cov_7.832701||full	1.363E+04	207
bin_145	S26CNODE_36_length_107463_cov_293.716045||full_1	2.177E+05	1134
bin_489	S26CNODE_79_length_64127_cov_169.546323||full_1	1.505E+05	898
bin_357	S35CNODE_746_length_25336_cov_84.345121||full	9.386E+04	1074
bin_299	S16CNODE_184_length_46362_cov_66.165634||full	5.994E+04	411
bin_38	S26CNODE_36_length_107463_cov_293.716045||full_1	8.390E+04	685
bin_275	S32CNODE_182_length_42485_cov_11.677210||full_1	3.401E+04	408
bin_346	S39CNODE_79_length_87672_cov_29.716471||full	2.996E+04	239
bin_477	S20CNODE_135_length_26611_cov_57.908043||full	2.496E+04	167
bin_304	S28CNODE_309_length_42177_cov_298.675775||full	8.874E+04	599
bin_295	S16CNODE_184_length_46362_cov_66.165634||full	1.477E+05	984
bin_351	S35CNODE_299_length_52794_cov_22.970553||0_partial	1.844E+05	1149
bin_409	S31CNODE_457_length_25686_cov_212.847684||full_1	1.401E+05	816
bin_404	S33CNODE_115_length_52730_cov_1020.008258||0_partial	8.738E+04	996
bin_403	S35CNODE_1969_length_8206_cov_32.492823||full	7.941E+04	596
bin_371	S14CNODE_83_length_96190_cov_171.082904||full	8.970E+02	32
bin_39	S38CNODE_5352_length_8571_cov_8.156881||full_1	5.380E+04	436
bin_464	S16CNODE_184_length_46362_cov_66.165634||full	2.249E+05	1608
bin_201	S14CNODE_1320_length_11206_cov_141.122859||full	3.727E+04	348
bin_445	S33CNODE_65_length_76395_cov_305.341368||full_1	9.538E+04	721
bin_19	S29CNODE_349_length_19280_cov_5.728479||full	1.925E+04	234
bin_207	S39CNODE_56_length_104978_cov_30.326478||0_partial	2.444E+04	383
bin_239	S12CNODE_54_length_137411_cov_8.846224||0_partial	3.737E+04	274
bin_108	S40CNODE_1384_length_7056_cov_5.042137||full	9.060E+03	173
bin_188	S40CNODE_1684_length_5967_cov_4.024865||full	1.216E+04	181
bin_192	S38CNODE_8065_length_6007_cov_15.222278||full	4.511E+03	141
bin_419	S29CNODE_31_length_108769_cov_184.977970||0_partial_1	3.939E+05	2299
bin_177	S14CNODE_376_length_37548_cov_7.083829||full	2.135E+04	349
bin_579	S14CNODE_83_length_96190_cov_171.082904||full	2.990E+05	1767
bin_136	S38CNODE_6211_length_7552_cov_5.170201||full	9.594E+03	147
bin_163	S39CNODE_3080_length_13390_cov_8.480165||full	7.195E+04	974
bin_266	S28CNODE_24_length_140916_cov_35.428983||full_1	1.482E+05	991
bin_331	S19CNODE_1702_length_9854_cov_4.587917||full	1.875E+04	258
bin_44	S14CNODE_83_length_96190_cov_171.082904||full	3.924E+03	148
bin_345	S28CNODE_3003_length_5214_cov_27.113394||full	1.888E+05	1179
bin_20	S38CNODE_2889_length_13600_cov_14.237652||full	1.957E+05	1078
bin_396	S32CNODE_182_length_42485_cov_11.677210||full_1	5.663E+05	3236
bin_93	S8CNODE_82_length_116763_cov_15.662011||full_1	2.118E+04	309
bin_373	S19CNODE_1231_length_13419_cov_187.217001||full	1.946E+05	1243
bin_393	S4CNODE_562_length_9448_cov_14.218354||full	5.232E+05	2519
bin_353	S38CNODE_786_length_30281_cov_146.122014||full	5.825E+04	290
bin_82	S28CNODE_17_length_161065_cov_19.387951||full_1	2.483E+05	1894
bin_46	S18CNODE_618_length_10453_cov_4.897576||full	1.350E+05	923
bin_41	S39CNODE_56_length_104978_cov_30.326478||0_partial	5.138E+04	406
bin_162	S12CNODE_4_length_524009_cov_42.040263||0_partial	4.808E+04	348
bin_175	S3CNODE_1_length_665503_cov_191.731037||0_partial_1	1.888E+05	1170
bin_514	S14CNODE_262_length_48318_cov_6.180407||full	1.826E+05	1464
bin_521	S17CNODE_500_length_9689_cov_4.870874||full	1.509E+05	1111
bin_72	S29CNODE_31_length_108769_cov_184.977970||0_partial_1	1.452E+05	805
bin_452	S19CNODE_298_length_43166_cov_152.945049||full	2.331E+05	1502
bin_418	S36CNODE_3093_length_6349_cov_3.779314||full	3.875E+04	303
bin_549	S35CNODE_2235_length_6955_cov_3.335507||full	2.052E+05	1035
bin_533	S3CNODE_827_length_5799_cov_4.008008||full	8.952E+04	642
bin_18	S38CNODE_7140_length_6699_cov_27.995334||full	1.961E+05	1257
bin_412	S29CNODE_31_length_108769_cov_184.977970||0_partial_1	1.002E+05	574
bin_457	S39CNODE_1162_length_23358_cov_22.479380||full	1.295E+04	200
bin_439	S14CNODE_77_length_99867_cov_232.810233||0_partial	7.364E+04	554
bin_25	S19CNODE_735_length_21596_cov_20.700525||full	5.443E+05	3693
bin_450	S39CNODE_7955_length_7138_cov_15.019342||full	6.800E+03	194
bin_506	S35CNODE_299_length_52794_cov_22.970553||0_partial	4.218E+04	385
bin_316	S16CNODE_71_length_88195_cov_36.565135||full	9.928E+04	745
bin_181	S19CNODE_1979_length_8368_cov_7.733670||full	9.577E+04	539
bin_338	S13CNODE_196_length_12471_cov_5.346247||full	1.942E+05	1227
bin_42	S21CNODE_44_length_104508_cov_21.435890||0_partial	2.104E+05	1280
bin_63	S40CNODE_113_length_66802_cov_8.026488||full	7.286E+03	124
bin_208	S38CNODE_49_length_106520_cov_22.702437||full_1	1.561E+04	215
bin_557	S33CNODE_115_length_52730_cov_1020.008258||0_partial	6.092E+04	513
bin_216	S32CNODE_666_length_10239_cov_7.772584||full	2.900E+05	2155
bin_291	S26CNODE_36_length_107463_cov_293.716045||full_1	3.760E+04	341
bin_372	S36CNODE_3798_length_5117_cov_4.434018||full	6.379E+03	187
bin_376	S30CNODE_1877_length_8293_cov_277.829328||full	8.564E+04	598
bin_289	S19CNODE_1979_length_8368_cov_7.733670||full	1.114E+04	157
bin_17	S38CNODE_2889_length_13600_cov_14.237652||full	8.892E+04	638
bin_509	S23CNODE_1444_length_8044_cov_20.069471||full	7.889E+04	599
bin_15	S30CNODE_63_length_103111_cov_143.938247||full	7.898E+04	401
bin_550	S37CNODE_3_length_474362_cov_1265.339569||0_partial_1	7.853E+04	608
bin_104	S17CNODE_340_length_14856_cov_6.099047||full	7.935E+04	709
bin_421	S12CNODE_1283_length_8104_cov_37.073425||full	1.588E+04	297
bin_231	S19CNODE_2051_length_8126_cov_13.553463||full	8.799E+04	665
bin_255	S35CNODE_177_length_82127_cov_39.477227||full	1.108E+04	208
bin_269	S39CNODE_2875_length_13933_cov_9.104410||full	1.134E+05	664
bin_389	S26CNODE_36_length_107463_cov_293.716045||full_1	1.984E+05	1252
bin_116	S30CNODE_4_length_435962_cov_26.190201||0_partial	2.390E+04	273
bin_96	S29CNODE_31_length_108769_cov_184.977970||0_partial_1	4.914E+03	160
bin_395	S16CNODE_71_length_88195_cov_36.565135||full	1.047E+05	782
bin_442	S28CNODE_2790_length_5658_cov_4.863288||full	7.702E+04	563
bin_193	S38CNODE_3552_length_11770_cov_5.259411||full	1.481E+05	854
bin_318	S16CNODE_71_length_88195_cov_36.565135||full	9.324E+04	670
bin_286	S21CNODE_548_length_20001_cov_12.035596||full_1	5.151E+04	649
bin_89	S36CNODE_41_length_134114_cov_54.158758||0_partial_1	4.879E+05	2316
bin_73	S5CNODE_681_length_10578_cov_6.794070||full	1.786E+04	306
bin_97	S14CNODE_83_length_96190_cov_171.082904||full	1.910E+04	223
bin_288	S36CNODE_3798_length_5117_cov_4.434018||full	1.901E+05	832
bin_507	S23CNODE_834_length_15364_cov_113.922464||full	1.201E+05	772
bin_366	S3CNODE_827_length_5799_cov_4.008008||full	1.042E+05	780
bin_361	S32CNODE_12_length_278050_cov_95.956445||0_partial_1	1.208E+05	738
bin_78	S30CNODE_107_length_72630_cov_38.920317||full	6.158E+04	577
bin_527	S28CNODE_309_length_42177_cov_298.675775||full	1.760E+04	266
bin_106	S39CNODE_3518_length_12410_cov_13.066127||full	1.021E+05	1137
bin_130	S39CNODE_9590_length_6196_cov_6.074092||full	2.026E+05	900
bin_174	S27CNODE_1_length_667652_cov_425.659823||0_partial_1	3.222E+05	1968
bin_59	S8CNODE_2071_length_8285_cov_18.216889||full	3.047E+05	1706
bin_267	S14CNODE_2245_length_6466_cov_36.229605||full	4.403E+04	362
bin_536	S12CNODE_266_length_47350_cov_298.422222||0_partial	7.134E+04	704
bin_226	S35CNODE_977_length_19156_cov_4.543741||full_1	1.358E+05	828
bin_560	S19CNODE_170_length_59517_cov_26.318725||full_1	2.466E+05	1674
bin_437	S26CNODE_36_length_107463_cov_293.716045||full_1	2.095E+04	284
bin_87	S27CNODE_50_length_88731_cov_147.805787||0_partial_1	8.596E+04	622
bin_339	S36CNODE_213_length_56366_cov_7.620980||0_partial	2.790E+05	1504
bin_432	S38CNODE_3552_length_11770_cov_5.259411||full	5.501E+05	3268
bin_75	S26CNODE_1200_length_5852_cov_9.169225||full	2.503E+04	266
bin_168	S34CNODE_531_length_10378_cov_9.432820||full	4.720E+04	260
bin_61	S38CNODE_218_length_57062_cov_7.270633||full	2.927E+04	385
bin_43	S16CNODE_71_length_88195_cov_36.565135||full	7.181E+04	562
bin_241	S38CNODE_8656_length_5646_cov_3.010910||full	2.064E+05	1429
bin_431	S20CNODE_135_length_26611_cov_57.908043||full	7.848E+04	542
bin_413	S16CNODE_71_length_88195_cov_36.565135||full	9.489E+04	734
bin_307	S27CNODE_50_length_88731_cov_147.805787||0_partial_1	3.943E+04	394
bin_212	S12CNODE_117_length_87260_cov_40.115131||0_partial	8.095E+04	543
bin_563	S38CNODE_2081_length_16847_cov_4.679609||full	1.869E+05	1136
bin_416	S18CNODE_618_length_10453_cov_4.897576||full	3.084E+05	1703
bin_233	S39CNODE_1_length_560497_cov_31.203498||0_partial_1	1.704E+05	867
bin_379	S31CNODE_457_length_25686_cov_212.847684||full_1	4.211E+05	2649
bin_540	S28CNODE_482_length_31166_cov_19.696538||full	1.561E+04	264
bin_58	S28CNODE_46_length_113545_cov_7.036840||full_1	8.075E+04	501
bin_483	S3CNODE_1_length_665503_cov_191.731037||0_partial_1	1.844E+05	1132
bin_210	S18CNODE_564_length_11742_cov_20.911611||full	1.421E+05	847
bin_444	S39CNODE_1162_length_23358_cov_22.479380||full	5.660E+05	3238
bin_348	S14CNODE_809_length_18173_cov_11.117287||full	5.203E+04	584
bin_494	S38CNODE_2280_length_15885_cov_6.393367||full	1.517E+04	237
bin_9	S36CNODE_1585_length_12229_cov_8.002464||full	1.667E+05	851
bin_171	S16CNODE_30_length_149539_cov_58.024625||0_partial	3.049E+05	2078
bin_24	S12CNODE_117_length_87260_cov_40.115131||0_partial	9.551E+04	694
bin_228	S39CNODE_7948_length_7146_cov_7.035397||full_1	6.296E+04	686
bin_270	S36CNODE_41_length_134114_cov_54.158758||0_partial_1	5.258E+05	2580
bin_491	S14CNODE_12_length_236517_cov_77.495027||full	2.569E+05	1937
bin_305	S32CNODE_184_length_42072_cov_8.713283||full	1.881E+04	275
bin_209	S14CNODE_376_length_37548_cov_7.083829||full	3.496E+05	1366
bin_420	S30CNODE_494_length_26947_cov_6.690763||full	4.048E+04	297
bin_137	S36CNODE_25_length_176242_cov_30.352200||full	7.617E+05	3843
bin_446	S14CNODE_83_length_96190_cov_171.082904||full	5.383E+04	525
bin_486	S14CNODE_5_length_285171_cov_153.956151||0_partial_1	5.166E+05	2479
bin_294	S16CNODE_184_length_46362_cov_66.165634||full	1.420E+05	1016
bin_391	S40CNODE_1684_length_5967_cov_4.024865||full	2.020E+05	1246
bin_11	S35CNODE_2060_length_7728_cov_4.329076||full	1.525E+04	198
bin_328	S31CNODE_44_length_108017_cov_61.645375||0_partial_1	4.687E+04	260
bin_165	S8CNODE_264_length_59775_cov_19.731112||full	1.183E+03	36
bin_141	S8CNODE_346_length_48308_cov_11.963401||full	4.108E+05	2488
bin_582	S14CNODE_376_length_37548_cov_7.083829||full	6.704E+04	447
bin_284	S19CNODE_865_length_18711_cov_4.909413||0_partial_1	2.453E+05	1356
bin_287	S30CNODE_63_length_103111_cov_143.938247||full	4.998E+04	389
bin_195	S3CNODE_827_length_5799_cov_4.008008||full	1.797E+05	1082
bin_467	S28CNODE_3003_length_5214_cov_27.113394||full	6.051E+04	604
bin_110	S12CNODE_54_length_137411_cov_8.846224||0_partial	4.377E+05	2320
bin_64	S12CNODE_4_length_524009_cov_42.040263||0_partial	9.814E+04	881
bin_77	S30CNODE_107_length_72630_cov_38.920317||full	1.007E+04	186
bin_400	S16CNODE_136_length_57686_cov_10.745449||full	8.868E+04	535
bin_485	S38CNODE_49_length_106520_cov_22.702437||full_1	4.158E+04	352
bin_166	S39CNODE_177_length_58708_cov_24.711558||full	5.603E+04	431
bin_358	S20CNODE_135_length_26611_cov_57.908043||full	5.023E+04	506
bin_51	S21CNODE_961_length_11940_cov_13.581069||full	3.792E+05	2042
bin_56	S36CNODE_3093_length_6349_cov_3.779314||full	4.609E+05	2376
bin_277	S33CNODE_115_length_52730_cov_1020.008258||0_partial	6.385E+05	3877
bin_476	S19CNODE_1231_length_13419_cov_187.217001||full	3.345E+04	377
bin_555	S24CNODE_16_length_164855_cov_666.028738||full_1	1.610E+05	1508
bin_227	S16CNODE_482_length_17585_cov_623.118654||full	4.742E+05	3140
bin_552	S12CNODE_117_length_87260_cov_40.115131||0_partial	1.052E+05	786
bin_539	S33CNODE_65_length_76395_cov_305.341368||full_1	9.838E+04	729
bin_49	S12CNODE_4_length_524009_cov_42.040263||0_partial	1.338E+04	160
bin_424	S39CNODE_6590_length_8119_cov_5.585193||full	7.267E+04	605
bin_167	S12CNODE_1143_length_9149_cov_6.050583||full	1.118E+05	564
bin_22	S12CNODE_4_length_524009_cov_42.040263||0_partial	1.166E+05	756
bin_559	S14CNODE_1121_length_13206_cov_15.467797||full	7.572E+04	462
bin_461	S18CNODE_67_length_73717_cov_22.062515||full_1	2.493E+05	1656
bin_398	S33CNODE_65_length_76395_cov_305.341368||full_1	9.413E+04	721
bin_251	S8CNODE_915_length_18569_cov_101.314735||full	3.485E+04	490
bin_198	S28CNODE_2571_length_6116_cov_5.475994||full	1.737E+05	1212
bin_405	S19CNODE_813_length_19902_cov_12.360760||full_1	3.329E+04	208
bin_455	S39CNODE_2031_length_17104_cov_10.648484||full	6.158E+04	490
bin_382	S35CNODE_299_length_52794_cov_22.970553||0_partial	6.026E+04	399
bin_76	S8CNODE_264_length_59775_cov_19.731112||full	8.294E+03	172
bin_88	S40CNODE_1384_length_7056_cov_5.042137||full	9.346E+04	706
bin_186	S14CNODE_83_length_96190_cov_171.082904||full	2.279E+04	298
bin_399	S1CNODE_209_length_16026_cov_114.355519||full	1.049E+05	799
bin_292	S38CNODE_2805_length_13845_cov_21.142132||full_1	5.630E+04	710
bin_290	S35CNODE_299_length_52794_cov_22.970553||0_partial	8.182E+04	539
bin_451	S35CNODE_1035_length_17872_cov_117.397317||full	2.465E+05	1852
bin_274	S24CNODE_249_length_16024_cov_4.634229||full	1.855E+05	949
bin_197	S36CNODE_3093_length_6349_cov_3.779314||full	1.358E+05	777
bin_196	S1CNODE_57_length_77968_cov_27.102460||full_1	6.663E+04	435
bin_493	S38CNODE_7140_length_6699_cov_27.995334||full	2.258E+05	1492
bin_300	S14CNODE_370_length_37687_cov_8.211124||full	1.944E+04	260
bin_134	S12CNODE_117_length_87260_cov_40.115131||0_partial	1.326E+05	884
bin_564	S40CNODE_826_length_11437_cov_24.266913||full	7.461E+03	151
bin_546	S38CNODE_8123_length_5970_cov_4.587320||full	1.147E+05	626
bin_215	S23CNODE_1967_length_5216_cov_5.170122||full_1	9.062E+04	405
bin_310	S19CNODE_663_length_23602_cov_77.563978||full	2.806E+04	320
bin_3	S19CNODE_1979_length_8368_cov_7.733670||full	8.755E+04	788
bin_463	S20CNODE_135_length_26611_cov_57.908043||full	4.155E+04	355
bin_309	S39CNODE_2125_length_16672_cov_7.832701||full	3.660E+04	273
bin_65	S14CNODE_83_length_96190_cov_171.082904||full	9.707E+04	812
bin_449	S31CNODE_280_length_36550_cov_13.743444||full	1.804E+04	246
bin_248	S36CNODE_1868_length_10496_cov_10.523417||full	2.925E+04	255
bin_16	S16CNODE_71_length_88195_cov_36.565135||full	1.779E+05	964
bin_121	S2CNODE_540_length_8781_cov_5.319505||full	2.033E+04	192
bin_142	S38CNODE_3552_length_11770_cov_5.259411||full	3.019E+04	383
bin_534	S12CNODE_4_length_524009_cov_42.040263||0_partial	5.178E+04	503
bin_219	S24CNODE_391_length_8575_cov_6.578052||full	2.049E+05	1050
bin_573	S38CNODE_337_length_47292_cov_64.144992||full	3.815E+04	226
bin_434	S30CNODE_107_length_72630_cov_38.920317||full	5.530E+04	434
bin_268	S38CNODE_7140_length_6699_cov_27.995334||full	1.046E+05	777
bin_436	S27CNODE_108_length_43776_cov_98.974955||full_1	5.339E+04	455
bin_352	S30CNODE_107_length_72630_cov_38.920317||full	5.269E+04	390
bin_332	S30CNODE_245_length_43567_cov_5.723387||full_1	2.482E+04	276
bin_414	S16CNODE_184_length_46362_cov_66.165634||full	6.745E+04	430
bin_505	S27CNODE_50_length_88731_cov_147.805787||0_partial_1	6.387E+03	188
bin_246	S12CNODE_317_length_42354_cov_7.686186||0_partial	2.213E+04	180
bin_415	S8CNODE_429_length_39420_cov_21.519421||full	5.885E+04	389
bin_495	S16CNODE_71_length_88195_cov_36.565135||full	1.462E+05	988
bin_48	S36CNODE_25_length_176242_cov_30.352200||full	6.632E+04	651
bin_280	S33CNODE_712_length_9274_cov_5.786311||full	6.543E+04	509
bin_203	S14CNODE_83_length_96190_cov_171.082904||full	3.246E+04	379
bin_211	S19CNODE_1231_length_13419_cov_187.217001||full	2.242E+05	1528
bin_359	S20CNODE_135_length_26611_cov_57.908043||full	1.508E+05	788
bin_448	S15CNODE_515_length_8219_cov_39.446350||full	2.394E+04	225
bin_279	S35CNODE_299_length_52794_cov_22.970553||0_partial	1.914E+05	982
bin_113	S39CNODE_318_length_43729_cov_13.242639||full_1	9.034E+04	528
bin_129	S24CNODE_249_length_16024_cov_4.634229||full	9.723E+04	421
bin_119	S38CNODE_786_length_30281_cov_146.122014||full	1.571E+05	940
bin_54	S29CNODE_915_length_7147_cov_3.809504||full	7.469E+04	599
bin_67	S18CNODE_153_length_41199_cov_14.589199||full	3.735E+04	418
bin_281	S16CNODE_71_length_88195_cov_36.565135||full	3.778E+05	2310
bin_101	S8CNODE_429_length_39420_cov_21.519421||full	2.784E+04	338
bin_260	S36CNODE_213_length_56366_cov_7.620980||0_partial	1.190E+05	849
bin_499	S26CNODE_36_length_107463_cov_293.716045||full_1	1.893E+05	1159
bin_522	S16CNODE_184_length_46362_cov_66.165634||full	3.191E+04	238
bin_253	S18CNODE_618_length_10453_cov_4.897576||full	1.992E+05	1255
bin_473	S18CNODE_67_length_73717_cov_22.062515||full_1	6.145E+04	556
bin_47	S19CNODE_1836_length_9058_cov_4.532711||full	3.638E+04	302
bin_479	S30CNODE_2513_length_5918_cov_5.585878||full	4.213E+05	2514
bin_575	S18CNODE_67_length_73717_cov_22.062515||full_1	7.458E+04	584
bin_157	S12CNODE_1_length_731318_cov_31.772696||0_partial_1	1.021E+05	603
bin_342	S19CNODE_170_length_59517_cov_26.318725||full_1	3.214E+05	2348
bin_465	S26CNODE_43_length_92335_cov_97.137744||full	3.847E+04	330
bin_511	S12CNODE_117_length_87260_cov_40.115131||0_partial	2.063E+05	1324
bin_180	S16CNODE_184_length_46362_cov_66.165634||full	1.598E+05	910
bin_191	S37CNODE_3_length_474362_cov_1265.339569||0_partial_1	1.856E+05	1093
bin_152	S30CNODE_107_length_72630_cov_38.920317||full	2.725E+04	287
bin_315	S10CNODE_478_length_8706_cov_5.067969||full	8.281E+04	499
bin_32	S39CNODE_3094_length_13342_cov_4.334011||full	6.193E+04	698
bin_548	S38CNODE_335_length_47356_cov_17.284159||full	2.022E+04	323
bin_355	S33CNODE_846_length_7516_cov_6.833132||full	3.352E+04	288
bin_6	S38CNODE_786_length_30281_cov_146.122014||full	2.540E+04	312
bin_91	S19CNODE_1979_length_8368_cov_7.733670||full	1.081E+04	166
bin_160	S24CNODE_3_length_483092_cov_582.666005||0_partial_1	5.156E+05	3036
bin_36	S37CNODE_22_length_133477_cov_33.057382||full_1	1.915E+05	1398
bin_125	S40CNODE_778_length_12070_cov_69.193258||full	8.878E+04	532
bin_27	S11CNODE_1264_length_5518_cov_63.574227||full	4.649E+04	513
bin_576	S8CNODE_6_length_348708_cov_26.189848||0_partial_1	2.344E+05	1448
bin_68	S14CNODE_262_length_48318_cov_6.180407||full	2.049E+03	45
bin_553	S16CNODE_449_length_19060_cov_6.300132||full	1.045E+05	778
bin_31	S35CNODE_1969_length_8206_cov_32.492823||full	6.543E+04	455
bin_23	S36CNODE_1585_length_12229_cov_8.002464||full	3.792E+05	2442
bin_252	S14CNODE_370_length_37687_cov_8.211124||full	5.781E+03	141
bin_90	S12CNODE_4_length_524009_cov_42.040263||0_partial	1.023E+05	767
bin_172	S40CNODE_826_length_11437_cov_24.266913||full	1.900E+05	1186
bin_441	S19CNODE_1231_length_13419_cov_187.217001||full	1.829E+05	990
bin_480	S38CNODE_1990_length_17319_cov_5.914041||full	1.650E+05	969
bin_247	S38CNODE_407_length_42984_cov_17.964383||full	1.656E+04	217
bin_498	S23CNODE_579_length_22420_cov_250.454013||full	3.354E+04	381
bin_481	S30CNODE_245_length_43567_cov_5.723387||full_1	8.503E+04	542
bin_496	S36CNODE_445_length_34651_cov_7.126373||full	1.870E+05	1130
bin_187	S39CNODE_5198_length_9601_cov_15.702388||full_1	3.914E+04	564
bin_245	S27CNODE_108_length_43776_cov_98.974955||full_1	4.998E+04	534
bin_70	S38CNODE_6211_length_7552_cov_5.170201||full	1.141E+05	799
bin_217	S14CNODE_83_length_96190_cov_171.082904||full	7.616E+03	150
bin_490	S35CNODE_1969_length_8206_cov_32.492823||full	3.564E+04	367
bin_551	S14CNODE_254_length_49178_cov_11.161065||0_partial	1.592E+04	214
bin_263	S9CNODE_257_length_15489_cov_9.137683||full	9.683E+04	420
bin_554	S14CNODE_83_length_96190_cov_171.082904||full	4.788E+04	418
bin_470	S35CNODE_2060_length_7728_cov_4.329076||full	6.094E+03	186
bin_387	S18CNODE_518_length_12753_cov_25.595842||full	1.988E+05	1271
bin_158	S40CNODE_174_length_47267_cov_4.764827||full_1	1.221E+05	759
bin_83	S16CNODE_184_length_46362_cov_66.165634||full	2.889E+04	291
bin_28	S39CNODE_3852_length_11645_cov_6.400173||full	8.420E+02	33
bin_79	S29CNODE_31_length_108769_cov_184.977970||0_partial_1	7.840E+04	598
bin_578	S16CNODE_184_length_46362_cov_66.165634||full	1.472E+05	1250
bin_482	S20CNODE_56_length_61210_cov_20.871458||full_1	4.629E+04	504
bin_344	S32CNODE_1144_length_6295_cov_492.699199||full	1.972E+05	1244
bin_364	S26CNODE_36_length_107463_cov_293.716045||full_1	6.304E+04	585
bin_40	S14CNODE_83_length_96190_cov_171.082904||full	5.271E+04	449
bin_161	S18CNODE_518_length_12753_cov_25.595842||full	3.890E+04	359
bin_528	S40CNODE_239_length_36124_cov_14.634478||full	2.228E+05	1599
bin_21	S38CNODE_9418_length_5227_cov_9.780936||full	7.189E+04	718
bin_430	S1CNODE_209_length_16026_cov_114.355519||full	1.048E+05	792
bin_453	S25CNODE_139_length_35925_cov_27.363061||full	6.466E+04	483
bin_147	S14CNODE_83_length_96190_cov_171.082904||full	1.130E+05	1100
bin_517	S35CNODE_299_length_52794_cov_22.970553||0_partial	1.044E+05	792
bin_337	S2CNODE_599_length_7825_cov_5.487259||full	1.891E+05	1167
bin_124	S16CNODE_184_length_46362_cov_66.165634||full	2.635E+04	223
bin_429	S38CNODE_8656_length_5646_cov_3.010910||full	1.887E+05	1241
bin_519	S21CNODE_979_length_11744_cov_479.594662||full	1.338E+05	733
bin_258	S14CNODE_2245_length_6466_cov_36.229605||full	1.007E+05	671
bin_423	S26CNODE_36_length_107463_cov_293.716045||full_1	1.004E+05	609
bin_182	S6CNODE_275_length_19262_cov_7.193679||full	9.068E+04	528
bin_411	S39CNODE_4550_length_10481_cov_6.247171||full	1.008E+05	619
bin_500	S28CNODE_3003_length_5214_cov_27.113394||full	1.764E+05	1059
bin_558	S39CNODE_1584_length_19698_cov_7.851143||full	4.210E+04	367
bin_146	S16CNODE_184_length_46362_cov_66.165634||full	6.389E+04	393
bin_244	S38CNODE_49_length_106520_cov_22.702437||full_1	1.293E+04	196
bin_71	S12CNODE_4_length_524009_cov_42.040263||0_partial	6.376E+04	618
bin_320	S19CNODE_1604_length_10394_cov_82.414063||full	2.888E+04	299
bin_297	S38CNODE_7140_length_6699_cov_27.995334||full	1.141E+05	808
bin_492	S26CNODE_36_length_107463_cov_293.716045||full_1	5.449E+04	444
bin_111	S32CNODE_12_length_278050_cov_95.956445||0_partial_1	4.832E+04	424
bin_543	S18CNODE_67_length_73717_cov_22.062515||full_1	6.026E+04	458
bin_100	S16CNODE_184_length_46362_cov_66.165634||full	2.021E+05	1181
bin_520	S38CNODE_330_length_47541_cov_103.853199||full	2.021E+05	1081
bin_466	S40CNODE_1684_length_5967_cov_4.024865||full	6.634E+04	433
bin_427	S12CNODE_117_length_87260_cov_40.115131||0_partial	2.450E+05	1344
bin_469	S14CNODE_12_length_236517_cov_77.495027||full	2.381E+05	1836
bin_213	S38CNODE_7140_length_6699_cov_27.995334||full	2.588E+04	294
bin_484	S32CNODE_167_length_44873_cov_14.183899||full	9.717E+04	543
bin_151	S36CNODE_3093_length_6349_cov_3.779314||full	5.584E+04	405
bin_223	S35CNODE_1969_length_8206_cov_32.492823||full	5.175E+04	421
bin_365	S39CNODE_2125_length_16672_cov_7.832701||full	5.211E+04	408
bin_225	S8CNODE_3193_length_5284_cov_4.115892||full_1	1.454E+05	1041
bin_12	S14CNODE_83_length_96190_cov_171.082904||full	1.309E+05	835
bin_313	S11CNODE_928_length_8150_cov_5.307721||full	1.338E+05	939
bin_545	S8CNODE_359_length_46960_cov_7.571837||full_1	1.743E+04	283
bin_525	S2CNODE_540_length_8781_cov_5.319505||full	2.013E+05	1243
bin_368	S2CNODE_251_length_21354_cov_56.733039||full	1.054E+05	798
bin_572	S35CNODE_1969_length_8206_cov_32.492823||full	1.085E+05	574
bin_194	S16CNODE_482_length_17585_cov_623.118654||full	5.593E+05	3627
bin_406	S29CNODE_31_length_108769_cov_184.977970||0_partial_1	1.749E+05	1040
bin_367	S12CNODE_117_length_87260_cov_40.115131||0_partial	1.053E+05	788
bin_122	S28CNODE_327_length_40125_cov_11.374644||full	1.378E+05	904
bin_4	S35CNODE_299_length_52794_cov_22.970553||0_partial	1.666E+05	834
bin_333	S1CNODE_209_length_16026_cov_114.355519||full	5.357E+04	457
bin_156	S2CNODE_540_length_8781_cov_5.319505||full	9.586E+04	636
bin_334	S19CNODE_2051_length_8126_cov_13.553463||full	1.177E+05	752
bin_296	S35CNODE_299_length_52794_cov_22.970553||0_partial	3.627E+05	1787
bin_402	S19CNODE_1231_length_13419_cov_187.217001||full	2.937E+04	310
bin_529	S13CNODE_196_length_12471_cov_5.346247||full	2.063E+05	1308
bin_218	S12CNODE_4_length_524009_cov_42.040263||0_partial	4.863E+04	434
bin_513	S14CNODE_1121_length_13206_cov_15.467797||full	5.446E+03	173
bin_581	S24CNODE_249_length_16024_cov_4.634229||full	2.289E+04	251
bin_566	S23CNODE_1444_length_8044_cov_20.069471||full	2.965E+05	1603
bin_232	S14CNODE_83_length_96190_cov_171.082904||full	1.430E+05	793
bin_524	S30CNODE_107_length_72630_cov_38.920317||full	2.384E+05	1477
bin_5	S36CNODE_3093_length_6349_cov_3.779314||full	8.881E+04	639
bin_249	S38CNODE_8065_length_6007_cov_15.222278||full	2.623E+05	1721
bin_565	S19CNODE_483_length_30423_cov_30.827779||full	1.577E+04	256
bin_308	S38CNODE_3552_length_11770_cov_5.259411||full	5.338E+04	326
bin_327	S6CNODE_281_length_18757_cov_50.750348||full	1.542E+05	1040
bin_343	S26CNODE_79_length_64127_cov_169.546323||full_1	1.451E+05	851
bin_512	S3CNODE_15_length_122718_cov_235.615124||full_1	1.787E+05	1077
bin_69	S33CNODE_115_length_52730_cov_1020.008258||0_partial	9.041E+04	588
bin_143	S39CNODE_56_length_104978_cov_30.326478||0_partial	2.892E+05	1594
bin_118	S38CNODE_7140_length_6699_cov_27.995334||full	5.532E+04	530
bin_52	S14CNODE_370_length_37687_cov_8.211124||full	6.223E+03	189
bin_390	S24CNODE_16_length_164855_cov_666.028738||full_1	2.367E+05	1614
bin_383	S1CNODE_209_length_16026_cov_114.355519||full	7.428E+04	537
bin_94	S39CNODE_7226_length_7632_cov_6.825525||full	4.031E+05	2308
bin_567	S16CNODE_482_length_17585_cov_623.118654||full	2.875E+04	302
bin_526	S19CNODE_1081_length_15057_cov_22.996667||full	1.234E+05	1123
bin_433	S12CNODE_4_length_524009_cov_42.040263||0_partial	1.803E+04	293
bin_164	S37CNODE_3_length_474362_cov_1265.339569||0_partial_1	3.895E+04	379
